"Program","Year","Period","Week Ending","Geo Level","State","State ANSI","Ag District","Ag District Code","County","County ANSI","Zip Code","Region","watershed_code","Watershed","Commodity","Data Item","Domain","Domain Category","Value","CV (%)"
"SURVEY","2025","JAN","","STATE","IOWA","19","","","","","","","00000000","","CORN","CORN, GRAIN - PRICE RECEIVED, MEASURED IN $ / BU","TOTAL","NOT SPECIFIED","4.37",""
"SURVEY","2025","JAN","","STATE","MINNESOTA","27","","","","","","","00000000","","CORN","CORN, GRAIN - PRICE RECEIVED, MEASURED IN $ / BU","TOTAL","NOT SPECIFIED","4.2",""
"SURVEY","2025","JAN","","STATE","WISCONSIN","55","","","","","","","00000000","","CORN","CORN, GRAIN - PRICE RECEIVED, MEASURED IN $ / BU","TOTAL","NOT SPECIFIED","4.19",""
"SURVEY","2024","APR","","STATE","IOWA","19","","","","","","","00000000","","CORN","CORN, GRAIN - PRICE RECEIVED, MEASURED IN $ / BU","TOTAL","NOT SPECIFIED","4.5",""
"SURVEY","2024","APR","","STATE","MINNESOTA","27","","","","","","","00000000","","CORN","CORN, GRAIN - PRICE RECEIVED, MEASURED IN $ / BU","TOTAL","NOT SPECIFIED","4.22",""
"SURVEY","2024","APR","","STATE","WISCONSIN","55","","","","","","","00000000","","CORN","CORN, GRAIN - PRICE RECEIVED, MEASURED IN $ / BU","TOTAL","NOT SPECIFIED","4.14",""
"SURVEY","2024","AUG","","STATE","IOWA","19","","","","","","","00000000","","CORN","CORN, GRAIN - PRICE RECEIVED, MEASURED IN $ / BU","TOTAL","NOT SPECIFIED","4.02",""
"SURVEY","2024","AUG","","STATE","MINNESOTA","27","","","","","","","00000000","","CORN","CORN, GRAIN - PRICE RECEIVED, MEASURED IN $ / BU","TOTAL","NOT SPECIFIED","3.7",""
"SURVEY","2024","AUG","","STATE","WISCONSIN","55","","","","","","","00000000","","CORN","CORN, GRAIN - PRICE RECEIVED, MEASURED IN $ / BU","TOTAL","NOT SPECIFIED","3.73",""
"SURVEY","2024","DEC","","STATE","IOWA","19","","","","","","","00000000","","CORN","CORN, GRAIN - PRICE RECEIVED, MEASURED IN $ / BU","TOTAL","NOT SPECIFIED","4.27",""
"SURVEY","2024","DEC","","STATE","MINNESOTA","27","","","","","","","00000000","","CORN","CORN, GRAIN - PRICE RECEIVED, MEASURED IN $ / BU","TOTAL","NOT SPECIFIED","4.22",""
"SURVEY","2024","DEC","","STATE","WISCONSIN","55","","","","","","","00000000","","CORN","CORN, GRAIN - PRICE RECEIVED, MEASURED IN $ / BU","TOTAL","NOT SPECIFIED","4.03",""
"SURVEY","2024","FEB","","STATE","IOWA","19","","","","","","","00000000","","CORN","CORN, GRAIN - PRICE RECEIVED, MEASURED IN $ / BU","TOTAL","NOT SPECIFIED","4.39",""
"SURVEY","2024","FEB","","STATE","MINNESOTA","27","","","","","","","00000000","","CORN","CORN, GRAIN - PRICE RECEIVED, MEASURED IN $ / BU","TOTAL","NOT SPECIFIED","4.31",""
"SURVEY","2024","FEB","","STATE","WISCONSIN","55","","","","","","","00000000","","CORN","CORN, GRAIN - PRICE RECEIVED, MEASURED IN $ / BU","TOTAL","NOT SPECIFIED","4.14",""
"SURVEY","2024","JAN","","STATE","IOWA","19","","","","","","","00000000","","CORN","CORN, GRAIN - PRICE RECEIVED, MEASURED IN $ / BU","TOTAL","NOT SPECIFIED","4.84",""
"SURVEY","2024","JAN","","STATE","MINNESOTA","27","","","","","","","00000000","","CORN","CORN, GRAIN - PRICE RECEIVED, MEASURED IN $ / BU","TOTAL","NOT SPECIFIED","4.85",""
"SURVEY","2024","JAN","","STATE","WISCONSIN","55","","","","","","","00000000","","CORN","CORN, GRAIN - PRICE RECEIVED, MEASURED IN $ / BU","TOTAL","NOT SPECIFIED","4.45",""
"SURVEY","2024","JUL","","STATE","IOWA","19","","","","","","","00000000","","CORN","CORN, GRAIN - PRICE RECEIVED, MEASURED IN $ / BU","TOTAL","NOT SPECIFIED","4.32",""
"SURVEY","2024","JUL","","STATE","MINNESOTA","27","","","","","","","00000000","","CORN","CORN, GRAIN - PRICE RECEIVED, MEASURED IN $ / BU","TOTAL","NOT SPECIFIED","4.13",""
"SURVEY","2024","JUL","","STATE","WISCONSIN","55","","","","","","","00000000","","CORN","CORN, GRAIN - PRICE RECEIVED, MEASURED IN $ / BU","TOTAL","NOT SPECIFIED","4.08",""
"SURVEY","2024","JUN","","STATE","IOWA","19","","","","","","","00000000","","CORN","CORN, GRAIN - PRICE RECEIVED, MEASURED IN $ / BU","TOTAL","NOT SPECIFIED","4.6",""
"SURVEY","2024","JUN","","STATE","MINNESOTA","27","","","","","","","00000000","","CORN","CORN, GRAIN - PRICE RECEIVED, MEASURED IN $ / BU","TOTAL","NOT SPECIFIED","4.3",""
"SURVEY","2024","JUN","","STATE","WISCONSIN","55","","","","","","","00000000","","CORN","CORN, GRAIN - PRICE RECEIVED, MEASURED IN $ / BU","TOTAL","NOT SPECIFIED","4.24",""
"SURVEY","2024","MAR","","STATE","IOWA","19","","","","","","","00000000","","CORN","CORN, GRAIN - PRICE RECEIVED, MEASURED IN $ / BU","TOTAL","NOT SPECIFIED","4.43",""
"SURVEY","2024","MAR","","STATE","MINNESOTA","27","","","","","","","00000000","","CORN","CORN, GRAIN - PRICE RECEIVED, MEASURED IN $ / BU","TOTAL","NOT SPECIFIED","4.26",""
"SURVEY","2024","MAR","","STATE","WISCONSIN","55","","","","","","","00000000","","CORN","CORN, GRAIN - PRICE RECEIVED, MEASURED IN $ / BU","TOTAL","NOT SPECIFIED","4.09",""
"SURVEY","2024","MAY","","STATE","IOWA","19","","","","","","","00000000","","CORN","CORN, GRAIN - PRICE RECEIVED, MEASURED IN $ / BU","TOTAL","NOT SPECIFIED","4.63",""
"SURVEY","2024","MAY","","STATE","MINNESOTA","27","","","","","","","00000000","","CORN","CORN, GRAIN - PRICE RECEIVED, MEASURED IN $ / BU","TOTAL","NOT SPECIFIED","4.36",""
"SURVEY","2024","MAY","","STATE","WISCONSIN","55","","","","","","","00000000","","CORN","CORN, GRAIN - PRICE RECEIVED, MEASURED IN $ / BU","TOTAL","NOT SPECIFIED","4.25",""
"SURVEY","2024","NOV","","STATE","IOWA","19","","","","","","","00000000","","CORN","CORN, GRAIN - PRICE RECEIVED, MEASURED IN $ / BU","TOTAL","NOT SPECIFIED","4.12",""
"SURVEY","2024","NOV","","STATE","MINNESOTA","27","","","","","","","00000000","","CORN","CORN, GRAIN - PRICE RECEIVED, MEASURED IN $ / BU","TOTAL","NOT SPECIFIED","4",""
"SURVEY","2024","NOV","","STATE","WISCONSIN","55","","","","","","","00000000","","CORN","CORN, GRAIN - PRICE RECEIVED, MEASURED IN $ / BU","TOTAL","NOT SPECIFIED","3.9",""
"SURVEY","2024","OCT","","STATE","IOWA","19","","","","","","","00000000","","CORN","CORN, GRAIN - PRICE RECEIVED, MEASURED IN $ / BU","TOTAL","NOT SPECIFIED","4.01",""
"SURVEY","2024","OCT","","STATE","MINNESOTA","27","","","","","","","00000000","","CORN","CORN, GRAIN - PRICE RECEIVED, MEASURED IN $ / BU","TOTAL","NOT SPECIFIED","3.96",""
"SURVEY","2024","OCT","","STATE","WISCONSIN","55","","","","","","","00000000","","CORN","CORN, GRAIN - PRICE RECEIVED, MEASURED IN $ / BU","TOTAL","NOT SPECIFIED","3.88",""
"SURVEY","2024","SEP","","STATE","IOWA","19","","","","","","","00000000","","CORN","CORN, GRAIN - PRICE RECEIVED, MEASURED IN $ / BU","TOTAL","NOT SPECIFIED","4.09",""
"SURVEY","2024","SEP","","STATE","MINNESOTA","27","","","","","","","00000000","","CORN","CORN, GRAIN - PRICE RECEIVED, MEASURED IN $ / BU","TOTAL","NOT SPECIFIED","3.89",""
"SURVEY","2024","SEP","","STATE","WISCONSIN","55","","","","","","","00000000","","CORN","CORN, GRAIN - PRICE RECEIVED, MEASURED IN $ / BU","TOTAL","NOT SPECIFIED","3.7",""
"SURVEY","2023","APR","","STATE","IOWA","19","","","","","","","00000000","","CORN","CORN, GRAIN - PRICE RECEIVED, MEASURED IN $ / BU","TOTAL","NOT SPECIFIED","6.75",""
"SURVEY","2023","APR","","STATE","MINNESOTA","27","","","","","","","00000000","","CORN","CORN, GRAIN - PRICE RECEIVED, MEASURED IN $ / BU","TOTAL","NOT SPECIFIED","6.49",""
"SURVEY","2023","APR","","STATE","WISCONSIN","55","","","","","","","00000000","","CORN","CORN, GRAIN - PRICE RECEIVED, MEASURED IN $ / BU","TOTAL","NOT SPECIFIED","6.3",""
"SURVEY","2023","AUG","","STATE","IOWA","19","","","","","","","00000000","","CORN","CORN, GRAIN - PRICE RECEIVED, MEASURED IN $ / BU","TOTAL","NOT SPECIFIED","5.77",""
"SURVEY","2023","AUG","","STATE","MINNESOTA","27","","","","","","","00000000","","CORN","CORN, GRAIN - PRICE RECEIVED, MEASURED IN $ / BU","TOTAL","NOT SPECIFIED","5.59",""
"SURVEY","2023","AUG","","STATE","WISCONSIN","55","","","","","","","00000000","","CORN","CORN, GRAIN - PRICE RECEIVED, MEASURED IN $ / BU","TOTAL","NOT SPECIFIED","5.63",""
"SURVEY","2023","DEC","","STATE","IOWA","19","","","","","","","00000000","","CORN","CORN, GRAIN - PRICE RECEIVED, MEASURED IN $ / BU","TOTAL","NOT SPECIFIED","4.89",""
"SURVEY","2023","DEC","","STATE","MINNESOTA","27","","","","","","","00000000","","CORN","CORN, GRAIN - PRICE RECEIVED, MEASURED IN $ / BU","TOTAL","NOT SPECIFIED","4.9",""
"SURVEY","2023","DEC","","STATE","WISCONSIN","55","","","","","","","00000000","","CORN","CORN, GRAIN - PRICE RECEIVED, MEASURED IN $ / BU","TOTAL","NOT SPECIFIED","4.5",""
"SURVEY","2023","FEB","","STATE","IOWA","19","","","","","","","00000000","","CORN","CORN, GRAIN - PRICE RECEIVED, MEASURED IN $ / BU","TOTAL","NOT SPECIFIED","6.83",""
"SURVEY","2023","FEB","","STATE","MINNESOTA","27","","","","","","","00000000","","CORN","CORN, GRAIN - PRICE RECEIVED, MEASURED IN $ / BU","TOTAL","NOT SPECIFIED","6.62",""
"SURVEY","2023","FEB","","STATE","WISCONSIN","55","","","","","","","00000000","","CORN","CORN, GRAIN - PRICE RECEIVED, MEASURED IN $ / BU","TOTAL","NOT SPECIFIED","6.34",""
"SURVEY","2023","JAN","","STATE","IOWA","19","","","","","","","00000000","","CORN","CORN, GRAIN - PRICE RECEIVED, MEASURED IN $ / BU","TOTAL","NOT SPECIFIED","6.74",""
"SURVEY","2023","JAN","","STATE","MINNESOTA","27","","","","","","","00000000","","CORN","CORN, GRAIN - PRICE RECEIVED, MEASURED IN $ / BU","TOTAL","NOT SPECIFIED","6.47",""
"SURVEY","2023","JAN","","STATE","WISCONSIN","55","","","","","","","00000000","","CORN","CORN, GRAIN - PRICE RECEIVED, MEASURED IN $ / BU","TOTAL","NOT SPECIFIED","6.2",""
"SURVEY","2023","JUL","","STATE","IOWA","19","","","","","","","00000000","","CORN","CORN, GRAIN - PRICE RECEIVED, MEASURED IN $ / BU","TOTAL","NOT SPECIFIED","6.33",""
"SURVEY","2023","JUL","","STATE","MINNESOTA","27","","","","","","","00000000","","CORN","CORN, GRAIN - PRICE RECEIVED, MEASURED IN $ / BU","TOTAL","NOT SPECIFIED","6.11",""
"SURVEY","2023","JUL","","STATE","WISCONSIN","55","","","","","","","00000000","","CORN","CORN, GRAIN - PRICE RECEIVED, MEASURED IN $ / BU","TOTAL","NOT SPECIFIED","6.16",""
"SURVEY","2023","JUN","","STATE","IOWA","19","","","","","","","00000000","","CORN","CORN, GRAIN - PRICE RECEIVED, MEASURED IN $ / BU","TOTAL","NOT SPECIFIED","6.57",""
"SURVEY","2023","JUN","","STATE","MINNESOTA","27","","","","","","","00000000","","CORN","CORN, GRAIN - PRICE RECEIVED, MEASURED IN $ / BU","TOTAL","NOT SPECIFIED","6.38",""
"SURVEY","2023","JUN","","STATE","WISCONSIN","55","","","","","","","00000000","","CORN","CORN, GRAIN - PRICE RECEIVED, MEASURED IN $ / BU","TOTAL","NOT SPECIFIED","6.24",""
"SURVEY","2023","MAR","","STATE","IOWA","19","","","","","","","00000000","","CORN","CORN, GRAIN - PRICE RECEIVED, MEASURED IN $ / BU","TOTAL","NOT SPECIFIED","6.7",""
"SURVEY","2023","MAR","","STATE","MINNESOTA","27","","","","","","","00000000","","CORN","CORN, GRAIN - PRICE RECEIVED, MEASURED IN $ / BU","TOTAL","NOT SPECIFIED","6.47",""
"SURVEY","2023","MAR","","STATE","WISCONSIN","55","","","","","","","00000000","","CORN","CORN, GRAIN - PRICE RECEIVED, MEASURED IN $ / BU","TOTAL","NOT SPECIFIED","6.25",""
"SURVEY","2023","MAY","","STATE","IOWA","19","","","","","","","00000000","","CORN","CORN, GRAIN - PRICE RECEIVED, MEASURED IN $ / BU","TOTAL","NOT SPECIFIED","6.57",""
"SURVEY","2023","MAY","","STATE","MINNESOTA","27","","","","","","","00000000","","CORN","CORN, GRAIN - PRICE RECEIVED, MEASURED IN $ / BU","TOTAL","NOT SPECIFIED","6.33",""
"SURVEY","2023","MAY","","STATE","WISCONSIN","55","","","","","","","00000000","","CORN","CORN, GRAIN - PRICE RECEIVED, MEASURED IN $ / BU","TOTAL","NOT SPECIFIED","6.24",""
"SURVEY","2023","NOV","","STATE","IOWA","19","","","","","","","00000000","","CORN","CORN, GRAIN - PRICE RECEIVED, MEASURED IN $ / BU","TOTAL","NOT SPECIFIED","4.74",""
"SURVEY","2023","NOV","","STATE","MINNESOTA","27","","","","","","","00000000","","CORN","CORN, GRAIN - PRICE RECEIVED, MEASURED IN $ / BU","TOTAL","NOT SPECIFIED","4.7",""
"SURVEY","2023","NOV","","STATE","WISCONSIN","55","","","","","","","00000000","","CORN","CORN, GRAIN - PRICE RECEIVED, MEASURED IN $ / BU","TOTAL","NOT SPECIFIED","4.4",""
"SURVEY","2023","OCT","","STATE","IOWA","19","","","","","","","00000000","","CORN","CORN, GRAIN - PRICE RECEIVED, MEASURED IN $ / BU","TOTAL","NOT SPECIFIED","4.96",""
"SURVEY","2023","OCT","","STATE","MINNESOTA","27","","","","","","","00000000","","CORN","CORN, GRAIN - PRICE RECEIVED, MEASURED IN $ / BU","TOTAL","NOT SPECIFIED","4.92",""
"SURVEY","2023","OCT","","STATE","WISCONSIN","55","","","","","","","00000000","","CORN","CORN, GRAIN - PRICE RECEIVED, MEASURED IN $ / BU","TOTAL","NOT SPECIFIED","4.8",""
"SURVEY","2023","SEP","","STATE","IOWA","19","","","","","","","00000000","","CORN","CORN, GRAIN - PRICE RECEIVED, MEASURED IN $ / BU","TOTAL","NOT SPECIFIED","5.22",""
"SURVEY","2023","SEP","","STATE","MINNESOTA","27","","","","","","","00000000","","CORN","CORN, GRAIN - PRICE RECEIVED, MEASURED IN $ / BU","TOTAL","NOT SPECIFIED","5.16",""
"SURVEY","2023","SEP","","STATE","WISCONSIN","55","","","","","","","00000000","","CORN","CORN, GRAIN - PRICE RECEIVED, MEASURED IN $ / BU","TOTAL","NOT SPECIFIED","5.07",""
"SURVEY","2022","APR","","STATE","IOWA","19","","","","","","","00000000","","CORN","CORN, GRAIN - PRICE RECEIVED, MEASURED IN $ / BU","TOTAL","NOT SPECIFIED","7.12",""
"SURVEY","2022","APR","","STATE","MINNESOTA","27","","","","","","","00000000","","CORN","CORN, GRAIN - PRICE RECEIVED, MEASURED IN $ / BU","TOTAL","NOT SPECIFIED","6.81",""
"SURVEY","2022","APR","","STATE","WISCONSIN","55","","","","","","","00000000","","CORN","CORN, GRAIN - PRICE RECEIVED, MEASURED IN $ / BU","TOTAL","NOT SPECIFIED","6.89",""
"SURVEY","2022","AUG","","STATE","IOWA","19","","","","","","","00000000","","CORN","CORN, GRAIN - PRICE RECEIVED, MEASURED IN $ / BU","TOTAL","NOT SPECIFIED","7.4",""
"SURVEY","2022","AUG","","STATE","MINNESOTA","27","","","","","","","00000000","","CORN","CORN, GRAIN - PRICE RECEIVED, MEASURED IN $ / BU","TOTAL","NOT SPECIFIED","7.09",""
"SURVEY","2022","AUG","","STATE","WISCONSIN","55","","","","","","","00000000","","CORN","CORN, GRAIN - PRICE RECEIVED, MEASURED IN $ / BU","TOTAL","NOT SPECIFIED","6.95",""
"SURVEY","2022","DEC","","STATE","IOWA","19","","","","","","","00000000","","CORN","CORN, GRAIN - PRICE RECEIVED, MEASURED IN $ / BU","TOTAL","NOT SPECIFIED","6.69",""
"SURVEY","2022","DEC","","STATE","MINNESOTA","27","","","","","","","00000000","","CORN","CORN, GRAIN - PRICE RECEIVED, MEASURED IN $ / BU","TOTAL","NOT SPECIFIED","6.34",""
"SURVEY","2022","DEC","","STATE","WISCONSIN","55","","","","","","","00000000","","CORN","CORN, GRAIN - PRICE RECEIVED, MEASURED IN $ / BU","TOTAL","NOT SPECIFIED","6.09",""
"SURVEY","2022","FEB","","STATE","IOWA","19","","","","","","","00000000","","CORN","CORN, GRAIN - PRICE RECEIVED, MEASURED IN $ / BU","TOTAL","NOT SPECIFIED","6.11",""
"SURVEY","2022","FEB","","STATE","MINNESOTA","27","","","","","","","00000000","","CORN","CORN, GRAIN - PRICE RECEIVED, MEASURED IN $ / BU","TOTAL","NOT SPECIFIED","5.86",""
"SURVEY","2022","FEB","","STATE","WISCONSIN","55","","","","","","","00000000","","CORN","CORN, GRAIN - PRICE RECEIVED, MEASURED IN $ / BU","TOTAL","NOT SPECIFIED","5.84",""
"SURVEY","2022","JAN","","STATE","IOWA","19","","","","","","","00000000","","CORN","CORN, GRAIN - PRICE RECEIVED, MEASURED IN $ / BU","TOTAL","NOT SPECIFIED","5.7",""
"SURVEY","2022","JAN","","STATE","MINNESOTA","27","","","","","","","00000000","","CORN","CORN, GRAIN - PRICE RECEIVED, MEASURED IN $ / BU","TOTAL","NOT SPECIFIED","5.23",""
"SURVEY","2022","JAN","","STATE","WISCONSIN","55","","","","","","","00000000","","CORN","CORN, GRAIN - PRICE RECEIVED, MEASURED IN $ / BU","TOTAL","NOT SPECIFIED","5.39",""
"SURVEY","2022","JUL","","STATE","IOWA","19","","","","","","","00000000","","CORN","CORN, GRAIN - PRICE RECEIVED, MEASURED IN $ / BU","TOTAL","NOT SPECIFIED","7.44",""
"SURVEY","2022","JUL","","STATE","MINNESOTA","27","","","","","","","00000000","","CORN","CORN, GRAIN - PRICE RECEIVED, MEASURED IN $ / BU","TOTAL","NOT SPECIFIED","6.95",""
"SURVEY","2022","JUL","","STATE","WISCONSIN","55","","","","","","","00000000","","CORN","CORN, GRAIN - PRICE RECEIVED, MEASURED IN $ / BU","TOTAL","NOT SPECIFIED","6.79",""
"SURVEY","2022","JUN","","STATE","IOWA","19","","","","","","","00000000","","CORN","CORN, GRAIN - PRICE RECEIVED, MEASURED IN $ / BU","TOTAL","NOT SPECIFIED","7.48",""
"SURVEY","2022","JUN","","STATE","MINNESOTA","27","","","","","","","00000000","","CORN","CORN, GRAIN - PRICE RECEIVED, MEASURED IN $ / BU","TOTAL","NOT SPECIFIED","6.99",""
"SURVEY","2022","JUN","","STATE","WISCONSIN","55","","","","","","","00000000","","CORN","CORN, GRAIN - PRICE RECEIVED, MEASURED IN $ / BU","TOTAL","NOT SPECIFIED","7.07",""
"SURVEY","2022","MAR","","STATE","IOWA","19","","","","","","","00000000","","CORN","CORN, GRAIN - PRICE RECEIVED, MEASURED IN $ / BU","TOTAL","NOT SPECIFIED","6.59",""
"SURVEY","2022","MAR","","STATE","MINNESOTA","27","","","","","","","00000000","","CORN","CORN, GRAIN - PRICE RECEIVED, MEASURED IN $ / BU","TOTAL","NOT SPECIFIED","6.33",""
"SURVEY","2022","MAR","","STATE","WISCONSIN","55","","","","","","","00000000","","CORN","CORN, GRAIN - PRICE RECEIVED, MEASURED IN $ / BU","TOTAL","NOT SPECIFIED","6.34",""
"SURVEY","2022","MAY","","STATE","IOWA","19","","","","","","","00000000","","CORN","CORN, GRAIN - PRICE RECEIVED, MEASURED IN $ / BU","TOTAL","NOT SPECIFIED","7.34",""
"SURVEY","2022","MAY","","STATE","MINNESOTA","27","","","","","","","00000000","","CORN","CORN, GRAIN - PRICE RECEIVED, MEASURED IN $ / BU","TOTAL","NOT SPECIFIED","6.8",""
"SURVEY","2022","MAY","","STATE","WISCONSIN","55","","","","","","","00000000","","CORN","CORN, GRAIN - PRICE RECEIVED, MEASURED IN $ / BU","TOTAL","NOT SPECIFIED","6.91",""
"SURVEY","2022","NOV","","STATE","IOWA","19","","","","","","","00000000","","CORN","CORN, GRAIN - PRICE RECEIVED, MEASURED IN $ / BU","TOTAL","NOT SPECIFIED","6.5",""
"SURVEY","2022","NOV","","STATE","MINNESOTA","27","","","","","","","00000000","","CORN","CORN, GRAIN - PRICE RECEIVED, MEASURED IN $ / BU","TOTAL","NOT SPECIFIED","6.28",""
"SURVEY","2022","NOV","","STATE","WISCONSIN","55","","","","","","","00000000","","CORN","CORN, GRAIN - PRICE RECEIVED, MEASURED IN $ / BU","TOTAL","NOT SPECIFIED","6.08",""
"SURVEY","2022","OCT","","STATE","IOWA","19","","","","","","","00000000","","CORN","CORN, GRAIN - PRICE RECEIVED, MEASURED IN $ / BU","TOTAL","NOT SPECIFIED","6.53",""
"SURVEY","2022","OCT","","STATE","MINNESOTA","27","","","","","","","00000000","","CORN","CORN, GRAIN - PRICE RECEIVED, MEASURED IN $ / BU","TOTAL","NOT SPECIFIED","6.2",""
"SURVEY","2022","OCT","","STATE","WISCONSIN","55","","","","","","","00000000","","CORN","CORN, GRAIN - PRICE RECEIVED, MEASURED IN $ / BU","TOTAL","NOT SPECIFIED","5.99",""
"SURVEY","2022","SEP","","STATE","IOWA","19","","","","","","","00000000","","CORN","CORN, GRAIN - PRICE RECEIVED, MEASURED IN $ / BU","TOTAL","NOT SPECIFIED","7.42",""
"SURVEY","2022","SEP","","STATE","MINNESOTA","27","","","","","","","00000000","","CORN","CORN, GRAIN - PRICE RECEIVED, MEASURED IN $ / BU","TOTAL","NOT SPECIFIED","7.13",""
"SURVEY","2022","SEP","","STATE","WISCONSIN","55","","","","","","","00000000","","CORN","CORN, GRAIN - PRICE RECEIVED, MEASURED IN $ / BU","TOTAL","NOT SPECIFIED","7.12",""
"SURVEY","2021","APR","","STATE","IOWA","19","","","","","","","00000000","","CORN","CORN, GRAIN - PRICE RECEIVED, MEASURED IN $ / BU","TOTAL","NOT SPECIFIED","5.35",""
"SURVEY","2021","APR","","STATE","MINNESOTA","27","","","","","","","00000000","","CORN","CORN, GRAIN - PRICE RECEIVED, MEASURED IN $ / BU","TOTAL","NOT SPECIFIED","4.9",""
"SURVEY","2021","APR","","STATE","WISCONSIN","55","","","","","","","00000000","","CORN","CORN, GRAIN - PRICE RECEIVED, MEASURED IN $ / BU","TOTAL","NOT SPECIFIED","5.15",""
"SURVEY","2021","AUG","","STATE","IOWA","19","","","","","","","00000000","","CORN","CORN, GRAIN - PRICE RECEIVED, MEASURED IN $ / BU","TOTAL","NOT SPECIFIED","6.38",""
"SURVEY","2021","AUG","","STATE","MINNESOTA","27","","","","","","","00000000","","CORN","CORN, GRAIN - PRICE RECEIVED, MEASURED IN $ / BU","TOTAL","NOT SPECIFIED","6.13",""
"SURVEY","2021","AUG","","STATE","WISCONSIN","55","","","","","","","00000000","","CORN","CORN, GRAIN - PRICE RECEIVED, MEASURED IN $ / BU","TOTAL","NOT SPECIFIED","6.17",""
"SURVEY","2021","DEC","","STATE","IOWA","19","","","","","","","00000000","","CORN","CORN, GRAIN - PRICE RECEIVED, MEASURED IN $ / BU","TOTAL","NOT SPECIFIED","5.54",""
"SURVEY","2021","DEC","","STATE","MINNESOTA","27","","","","","","","00000000","","CORN","CORN, GRAIN - PRICE RECEIVED, MEASURED IN $ / BU","TOTAL","NOT SPECIFIED","5.22",""
"SURVEY","2021","DEC","","STATE","WISCONSIN","55","","","","","","","00000000","","CORN","CORN, GRAIN - PRICE RECEIVED, MEASURED IN $ / BU","TOTAL","NOT SPECIFIED","5.33",""
"SURVEY","2021","FEB","","STATE","IOWA","19","","","","","","","00000000","","CORN","CORN, GRAIN - PRICE RECEIVED, MEASURED IN $ / BU","TOTAL","NOT SPECIFIED","4.87",""
"SURVEY","2021","FEB","","STATE","MINNESOTA","27","","","","","","","00000000","","CORN","CORN, GRAIN - PRICE RECEIVED, MEASURED IN $ / BU","TOTAL","NOT SPECIFIED","4.57",""
"SURVEY","2021","FEB","","STATE","WISCONSIN","55","","","","","","","00000000","","CORN","CORN, GRAIN - PRICE RECEIVED, MEASURED IN $ / BU","TOTAL","NOT SPECIFIED","4.74",""
"SURVEY","2021","JAN","","STATE","IOWA","19","","","","","","","00000000","","CORN","CORN, GRAIN - PRICE RECEIVED, MEASURED IN $ / BU","TOTAL","NOT SPECIFIED","4.4",""
"SURVEY","2021","JAN","","STATE","MINNESOTA","27","","","","","","","00000000","","CORN","CORN, GRAIN - PRICE RECEIVED, MEASURED IN $ / BU","TOTAL","NOT SPECIFIED","3.92",""
"SURVEY","2021","JAN","","STATE","WISCONSIN","55","","","","","","","00000000","","CORN","CORN, GRAIN - PRICE RECEIVED, MEASURED IN $ / BU","TOTAL","NOT SPECIFIED","4.12",""
"SURVEY","2021","JUL","","STATE","IOWA","19","","","","","","","00000000","","CORN","CORN, GRAIN - PRICE RECEIVED, MEASURED IN $ / BU","TOTAL","NOT SPECIFIED","6.22",""
"SURVEY","2021","JUL","","STATE","MINNESOTA","27","","","","","","","00000000","","CORN","CORN, GRAIN - PRICE RECEIVED, MEASURED IN $ / BU","TOTAL","NOT SPECIFIED","5.69",""
"SURVEY","2021","JUL","","STATE","WISCONSIN","55","","","","","","","00000000","","CORN","CORN, GRAIN - PRICE RECEIVED, MEASURED IN $ / BU","TOTAL","NOT SPECIFIED","6.04",""
"SURVEY","2021","JUN","","STATE","IOWA","19","","","","","","","00000000","","CORN","CORN, GRAIN - PRICE RECEIVED, MEASURED IN $ / BU","TOTAL","NOT SPECIFIED","6.19",""
"SURVEY","2021","JUN","","STATE","MINNESOTA","27","","","","","","","00000000","","CORN","CORN, GRAIN - PRICE RECEIVED, MEASURED IN $ / BU","TOTAL","NOT SPECIFIED","5.45",""
"SURVEY","2021","JUN","","STATE","WISCONSIN","55","","","","","","","00000000","","CORN","CORN, GRAIN - PRICE RECEIVED, MEASURED IN $ / BU","TOTAL","NOT SPECIFIED","5.65",""
"SURVEY","2021","MAR","","STATE","IOWA","19","","","","","","","00000000","","CORN","CORN, GRAIN - PRICE RECEIVED, MEASURED IN $ / BU","TOTAL","NOT SPECIFIED","4.89",""
"SURVEY","2021","MAR","","STATE","MINNESOTA","27","","","","","","","00000000","","CORN","CORN, GRAIN - PRICE RECEIVED, MEASURED IN $ / BU","TOTAL","NOT SPECIFIED","4.73",""
"SURVEY","2021","MAR","","STATE","WISCONSIN","55","","","","","","","00000000","","CORN","CORN, GRAIN - PRICE RECEIVED, MEASURED IN $ / BU","TOTAL","NOT SPECIFIED","4.75",""
"SURVEY","2021","MAY","","STATE","IOWA","19","","","","","","","00000000","","CORN","CORN, GRAIN - PRICE RECEIVED, MEASURED IN $ / BU","TOTAL","NOT SPECIFIED","6.03",""
"SURVEY","2021","MAY","","STATE","MINNESOTA","27","","","","","","","00000000","","CORN","CORN, GRAIN - PRICE RECEIVED, MEASURED IN $ / BU","TOTAL","NOT SPECIFIED","5.34",""
"SURVEY","2021","MAY","","STATE","WISCONSIN","55","","","","","","","00000000","","CORN","CORN, GRAIN - PRICE RECEIVED, MEASURED IN $ / BU","TOTAL","NOT SPECIFIED","5.93",""
"SURVEY","2021","NOV","","STATE","IOWA","19","","","","","","","00000000","","CORN","CORN, GRAIN - PRICE RECEIVED, MEASURED IN $ / BU","TOTAL","NOT SPECIFIED","5.23",""
"SURVEY","2021","NOV","","STATE","MINNESOTA","27","","","","","","","00000000","","CORN","CORN, GRAIN - PRICE RECEIVED, MEASURED IN $ / BU","TOTAL","NOT SPECIFIED","5.19",""
"SURVEY","2021","NOV","","STATE","WISCONSIN","55","","","","","","","00000000","","CORN","CORN, GRAIN - PRICE RECEIVED, MEASURED IN $ / BU","TOTAL","NOT SPECIFIED","5.06",""
"SURVEY","2021","OCT","","STATE","IOWA","19","","","","","","","00000000","","CORN","CORN, GRAIN - PRICE RECEIVED, MEASURED IN $ / BU","TOTAL","NOT SPECIFIED","5.02",""
"SURVEY","2021","OCT","","STATE","MINNESOTA","27","","","","","","","00000000","","CORN","CORN, GRAIN - PRICE RECEIVED, MEASURED IN $ / BU","TOTAL","NOT SPECIFIED","5",""
"SURVEY","2021","OCT","","STATE","WISCONSIN","55","","","","","","","00000000","","CORN","CORN, GRAIN - PRICE RECEIVED, MEASURED IN $ / BU","TOTAL","NOT SPECIFIED","4.79",""
"SURVEY","2021","SEP","","STATE","IOWA","19","","","","","","","00000000","","CORN","CORN, GRAIN - PRICE RECEIVED, MEASURED IN $ / BU","TOTAL","NOT SPECIFIED","5.63",""
"SURVEY","2021","SEP","","STATE","MINNESOTA","27","","","","","","","00000000","","CORN","CORN, GRAIN - PRICE RECEIVED, MEASURED IN $ / BU","TOTAL","NOT SPECIFIED","5.65",""
"SURVEY","2021","SEP","","STATE","WISCONSIN","55","","","","","","","00000000","","CORN","CORN, GRAIN - PRICE RECEIVED, MEASURED IN $ / BU","TOTAL","NOT SPECIFIED","5.82",""
"SURVEY","2020","APR","","STATE","IOWA","19","","","","","","","00000000","","CORN","CORN, GRAIN - PRICE RECEIVED, MEASURED IN $ / BU","TOTAL","NOT SPECIFIED","3.28",""
"SURVEY","2020","APR","","STATE","MINNESOTA","27","","","","","","","00000000","","CORN","CORN, GRAIN - PRICE RECEIVED, MEASURED IN $ / BU","TOTAL","NOT SPECIFIED","3.14",""
"SURVEY","2020","APR","","STATE","WISCONSIN","55","","","","","","","00000000","","CORN","CORN, GRAIN - PRICE RECEIVED, MEASURED IN $ / BU","TOTAL","NOT SPECIFIED","3.1",""
"SURVEY","2020","AUG","","STATE","IOWA","19","","","","","","","00000000","","CORN","CORN, GRAIN - PRICE RECEIVED, MEASURED IN $ / BU","TOTAL","NOT SPECIFIED","3.08",""
"SURVEY","2020","AUG","","STATE","MINNESOTA","27","","","","","","","00000000","","CORN","CORN, GRAIN - PRICE RECEIVED, MEASURED IN $ / BU","TOTAL","NOT SPECIFIED","2.85",""
"SURVEY","2020","AUG","","STATE","WISCONSIN","55","","","","","","","00000000","","CORN","CORN, GRAIN - PRICE RECEIVED, MEASURED IN $ / BU","TOTAL","NOT SPECIFIED","3.02",""
"SURVEY","2020","DEC","","STATE","IOWA","19","","","","","","","00000000","","CORN","CORN, GRAIN - PRICE RECEIVED, MEASURED IN $ / BU","TOTAL","NOT SPECIFIED","4.05",""
"SURVEY","2020","DEC","","STATE","MINNESOTA","27","","","","","","","00000000","","CORN","CORN, GRAIN - PRICE RECEIVED, MEASURED IN $ / BU","TOTAL","NOT SPECIFIED","3.73",""
"SURVEY","2020","DEC","","STATE","WISCONSIN","55","","","","","","","00000000","","CORN","CORN, GRAIN - PRICE RECEIVED, MEASURED IN $ / BU","TOTAL","NOT SPECIFIED","3.8",""
"SURVEY","2020","FEB","","STATE","IOWA","19","","","","","","","00000000","","CORN","CORN, GRAIN - PRICE RECEIVED, MEASURED IN $ / BU","TOTAL","NOT SPECIFIED","3.74",""
"SURVEY","2020","FEB","","STATE","MINNESOTA","27","","","","","","","00000000","","CORN","CORN, GRAIN - PRICE RECEIVED, MEASURED IN $ / BU","TOTAL","NOT SPECIFIED","3.58",""
"SURVEY","2020","FEB","","STATE","WISCONSIN","55","","","","","","","00000000","","CORN","CORN, GRAIN - PRICE RECEIVED, MEASURED IN $ / BU","TOTAL","NOT SPECIFIED","3.66",""
"SURVEY","2020","JAN","","STATE","IOWA","19","","","","","","","00000000","","CORN","CORN, GRAIN - PRICE RECEIVED, MEASURED IN $ / BU","TOTAL","NOT SPECIFIED","3.78",""
"SURVEY","2020","JAN","","STATE","MINNESOTA","27","","","","","","","00000000","","CORN","CORN, GRAIN - PRICE RECEIVED, MEASURED IN $ / BU","TOTAL","NOT SPECIFIED","3.59",""
"SURVEY","2020","JAN","","STATE","WISCONSIN","55","","","","","","","00000000","","CORN","CORN, GRAIN - PRICE RECEIVED, MEASURED IN $ / BU","TOTAL","NOT SPECIFIED","3.66",""
"SURVEY","2020","JUL","","STATE","IOWA","19","","","","","","","00000000","","CORN","CORN, GRAIN - PRICE RECEIVED, MEASURED IN $ / BU","TOTAL","NOT SPECIFIED","3.14",""
"SURVEY","2020","JUL","","STATE","MINNESOTA","27","","","","","","","00000000","","CORN","CORN, GRAIN - PRICE RECEIVED, MEASURED IN $ / BU","TOTAL","NOT SPECIFIED","3.04",""
"SURVEY","2020","JUL","","STATE","WISCONSIN","55","","","","","","","00000000","","CORN","CORN, GRAIN - PRICE RECEIVED, MEASURED IN $ / BU","TOTAL","NOT SPECIFIED","3.05",""
"SURVEY","2020","JUN","","STATE","IOWA","19","","","","","","","00000000","","CORN","CORN, GRAIN - PRICE RECEIVED, MEASURED IN $ / BU","TOTAL","NOT SPECIFIED","3.11",""
"SURVEY","2020","JUN","","STATE","MINNESOTA","27","","","","","","","00000000","","CORN","CORN, GRAIN - PRICE RECEIVED, MEASURED IN $ / BU","TOTAL","NOT SPECIFIED","3.07",""
"SURVEY","2020","JUN","","STATE","WISCONSIN","55","","","","","","","00000000","","CORN","CORN, GRAIN - PRICE RECEIVED, MEASURED IN $ / BU","TOTAL","NOT SPECIFIED","3.18",""
"SURVEY","2020","MAR","","STATE","IOWA","19","","","","","","","00000000","","CORN","CORN, GRAIN - PRICE RECEIVED, MEASURED IN $ / BU","TOTAL","NOT SPECIFIED","3.64",""
"SURVEY","2020","MAR","","STATE","MINNESOTA","27","","","","","","","00000000","","CORN","CORN, GRAIN - PRICE RECEIVED, MEASURED IN $ / BU","TOTAL","NOT SPECIFIED","3.49",""
"SURVEY","2020","MAR","","STATE","WISCONSIN","55","","","","","","","00000000","","CORN","CORN, GRAIN - PRICE RECEIVED, MEASURED IN $ / BU","TOTAL","NOT SPECIFIED","3.51",""
"SURVEY","2020","MAY","","STATE","IOWA","19","","","","","","","00000000","","CORN","CORN, GRAIN - PRICE RECEIVED, MEASURED IN $ / BU","TOTAL","NOT SPECIFIED","3.12",""
"SURVEY","2020","MAY","","STATE","MINNESOTA","27","","","","","","","00000000","","CORN","CORN, GRAIN - PRICE RECEIVED, MEASURED IN $ / BU","TOTAL","NOT SPECIFIED","3.09",""
"SURVEY","2020","MAY","","STATE","WISCONSIN","55","","","","","","","00000000","","CORN","CORN, GRAIN - PRICE RECEIVED, MEASURED IN $ / BU","TOTAL","NOT SPECIFIED","3.09",""
"SURVEY","2020","NOV","","STATE","IOWA","19","","","","","","","00000000","","CORN","CORN, GRAIN - PRICE RECEIVED, MEASURED IN $ / BU","TOTAL","NOT SPECIFIED","3.82",""
"SURVEY","2020","NOV","","STATE","MINNESOTA","27","","","","","","","00000000","","CORN","CORN, GRAIN - PRICE RECEIVED, MEASURED IN $ / BU","TOTAL","NOT SPECIFIED","3.58",""
"SURVEY","2020","NOV","","STATE","WISCONSIN","55","","","","","","","00000000","","CORN","CORN, GRAIN - PRICE RECEIVED, MEASURED IN $ / BU","TOTAL","NOT SPECIFIED","3.57",""
"SURVEY","2020","OCT","","STATE","IOWA","19","","","","","","","00000000","","CORN","CORN, GRAIN - PRICE RECEIVED, MEASURED IN $ / BU","TOTAL","NOT SPECIFIED","3.61",""
"SURVEY","2020","OCT","","STATE","MINNESOTA","27","","","","","","","00000000","","CORN","CORN, GRAIN - PRICE RECEIVED, MEASURED IN $ / BU","TOTAL","NOT SPECIFIED","3.36",""
"SURVEY","2020","OCT","","STATE","WISCONSIN","55","","","","","","","00000000","","CORN","CORN, GRAIN - PRICE RECEIVED, MEASURED IN $ / BU","TOTAL","NOT SPECIFIED","3.37",""
"SURVEY","2020","SEP","","STATE","IOWA","19","","","","","","","00000000","","CORN","CORN, GRAIN - PRICE RECEIVED, MEASURED IN $ / BU","TOTAL","NOT SPECIFIED","3.39",""
"SURVEY","2020","SEP","","STATE","MINNESOTA","27","","","","","","","00000000","","CORN","CORN, GRAIN - PRICE RECEIVED, MEASURED IN $ / BU","TOTAL","NOT SPECIFIED","2.95",""
"SURVEY","2020","SEP","","STATE","WISCONSIN","55","","","","","","","00000000","","CORN","CORN, GRAIN - PRICE RECEIVED, MEASURED IN $ / BU","TOTAL","NOT SPECIFIED","3.26",""
"SURVEY","2019","APR","","STATE","IOWA","19","","","","","","","00000000","","CORN","CORN, GRAIN - PRICE RECEIVED, MEASURED IN $ / BU","TOTAL","NOT SPECIFIED","3.51",""
"SURVEY","2019","APR","","STATE","MINNESOTA","27","","","","","","","00000000","","CORN","CORN, GRAIN - PRICE RECEIVED, MEASURED IN $ / BU","TOTAL","NOT SPECIFIED","3.36",""
"SURVEY","2019","APR","","STATE","WISCONSIN","55","","","","","","","00000000","","CORN","CORN, GRAIN - PRICE RECEIVED, MEASURED IN $ / BU","TOTAL","NOT SPECIFIED","3.46",""
"SURVEY","2019","AUG","","STATE","IOWA","19","","","","","","","00000000","","CORN","CORN, GRAIN - PRICE RECEIVED, MEASURED IN $ / BU","TOTAL","NOT SPECIFIED","3.91",""
"SURVEY","2019","AUG","","STATE","MINNESOTA","27","","","","","","","00000000","","CORN","CORN, GRAIN - PRICE RECEIVED, MEASURED IN $ / BU","TOTAL","NOT SPECIFIED","3.71",""
"SURVEY","2019","AUG","","STATE","WISCONSIN","55","","","","","","","00000000","","CORN","CORN, GRAIN - PRICE RECEIVED, MEASURED IN $ / BU","TOTAL","NOT SPECIFIED","3.89",""
"SURVEY","2019","DEC","","STATE","IOWA","19","","","","","","","00000000","","CORN","CORN, GRAIN - PRICE RECEIVED, MEASURED IN $ / BU","TOTAL","NOT SPECIFIED","3.7",""
"SURVEY","2019","DEC","","STATE","MINNESOTA","27","","","","","","","00000000","","CORN","CORN, GRAIN - PRICE RECEIVED, MEASURED IN $ / BU","TOTAL","NOT SPECIFIED","3.51",""
"SURVEY","2019","DEC","","STATE","WISCONSIN","55","","","","","","","00000000","","CORN","CORN, GRAIN - PRICE RECEIVED, MEASURED IN $ / BU","TOTAL","NOT SPECIFIED","3.56",""
"SURVEY","2019","FEB","","STATE","IOWA","19","","","","","","","00000000","","CORN","CORN, GRAIN - PRICE RECEIVED, MEASURED IN $ / BU","TOTAL","NOT SPECIFIED","3.54",""
"SURVEY","2019","FEB","","STATE","MINNESOTA","27","","","","","","","00000000","","CORN","CORN, GRAIN - PRICE RECEIVED, MEASURED IN $ / BU","TOTAL","NOT SPECIFIED","3.41",""
"SURVEY","2019","FEB","","STATE","WISCONSIN","55","","","","","","","00000000","","CORN","CORN, GRAIN - PRICE RECEIVED, MEASURED IN $ / BU","TOTAL","NOT SPECIFIED","3.46",""
"SURVEY","2019","JAN","","STATE","IOWA","19","","","","","","","00000000","","CORN","CORN, GRAIN - PRICE RECEIVED, MEASURED IN $ / BU","TOTAL","NOT SPECIFIED","3.52",""
"SURVEY","2019","JAN","","STATE","MINNESOTA","27","","","","","","","00000000","","CORN","CORN, GRAIN - PRICE RECEIVED, MEASURED IN $ / BU","TOTAL","NOT SPECIFIED","3.36",""
"SURVEY","2019","JAN","","STATE","WISCONSIN","55","","","","","","","00000000","","CORN","CORN, GRAIN - PRICE RECEIVED, MEASURED IN $ / BU","TOTAL","NOT SPECIFIED","3.42",""
"SURVEY","2019","JUL","","STATE","IOWA","19","","","","","","","00000000","","CORN","CORN, GRAIN - PRICE RECEIVED, MEASURED IN $ / BU","TOTAL","NOT SPECIFIED","4.11",""
"SURVEY","2019","JUL","","STATE","MINNESOTA","27","","","","","","","00000000","","CORN","CORN, GRAIN - PRICE RECEIVED, MEASURED IN $ / BU","TOTAL","NOT SPECIFIED","3.88",""
"SURVEY","2019","JUL","","STATE","WISCONSIN","55","","","","","","","00000000","","CORN","CORN, GRAIN - PRICE RECEIVED, MEASURED IN $ / BU","TOTAL","NOT SPECIFIED","3.98",""
"SURVEY","2019","JUN","","STATE","IOWA","19","","","","","","","00000000","","CORN","CORN, GRAIN - PRICE RECEIVED, MEASURED IN $ / BU","TOTAL","NOT SPECIFIED","3.95",""
"SURVEY","2019","JUN","","STATE","MINNESOTA","27","","","","","","","00000000","","CORN","CORN, GRAIN - PRICE RECEIVED, MEASURED IN $ / BU","TOTAL","NOT SPECIFIED","3.74",""
"SURVEY","2019","JUN","","STATE","WISCONSIN","55","","","","","","","00000000","","CORN","CORN, GRAIN - PRICE RECEIVED, MEASURED IN $ / BU","TOTAL","NOT SPECIFIED","3.89",""
"SURVEY","2019","MAR","","STATE","IOWA","19","","","","","","","00000000","","CORN","CORN, GRAIN - PRICE RECEIVED, MEASURED IN $ / BU","TOTAL","NOT SPECIFIED","3.57",""
"SURVEY","2019","MAR","","STATE","MINNESOTA","27","","","","","","","00000000","","CORN","CORN, GRAIN - PRICE RECEIVED, MEASURED IN $ / BU","TOTAL","NOT SPECIFIED","3.47",""
"SURVEY","2019","MAR","","STATE","WISCONSIN","55","","","","","","","00000000","","CORN","CORN, GRAIN - PRICE RECEIVED, MEASURED IN $ / BU","TOTAL","NOT SPECIFIED","3.54",""
"SURVEY","2019","MAY","","STATE","IOWA","19","","","","","","","00000000","","CORN","CORN, GRAIN - PRICE RECEIVED, MEASURED IN $ / BU","TOTAL","NOT SPECIFIED","3.59",""
"SURVEY","2019","MAY","","STATE","MINNESOTA","27","","","","","","","00000000","","CORN","CORN, GRAIN - PRICE RECEIVED, MEASURED IN $ / BU","TOTAL","NOT SPECIFIED","3.51",""
"SURVEY","2019","MAY","","STATE","WISCONSIN","55","","","","","","","00000000","","CORN","CORN, GRAIN - PRICE RECEIVED, MEASURED IN $ / BU","TOTAL","NOT SPECIFIED","3.51",""
"SURVEY","2019","NOV","","STATE","IOWA","19","","","","","","","00000000","","CORN","CORN, GRAIN - PRICE RECEIVED, MEASURED IN $ / BU","TOTAL","NOT SPECIFIED","3.64",""
"SURVEY","2019","NOV","","STATE","MINNESOTA","27","","","","","","","00000000","","CORN","CORN, GRAIN - PRICE RECEIVED, MEASURED IN $ / BU","TOTAL","NOT SPECIFIED","3.48",""
"SURVEY","2019","NOV","","STATE","WISCONSIN","55","","","","","","","00000000","","CORN","CORN, GRAIN - PRICE RECEIVED, MEASURED IN $ / BU","TOTAL","NOT SPECIFIED","3.52",""
"SURVEY","2019","OCT","","STATE","IOWA","19","","","","","","","00000000","","CORN","CORN, GRAIN - PRICE RECEIVED, MEASURED IN $ / BU","TOTAL","NOT SPECIFIED","3.79",""
"SURVEY","2019","OCT","","STATE","MINNESOTA","27","","","","","","","00000000","","CORN","CORN, GRAIN - PRICE RECEIVED, MEASURED IN $ / BU","TOTAL","NOT SPECIFIED","3.63",""
"SURVEY","2019","OCT","","STATE","WISCONSIN","55","","","","","","","00000000","","CORN","CORN, GRAIN - PRICE RECEIVED, MEASURED IN $ / BU","TOTAL","NOT SPECIFIED","3.76",""
"SURVEY","2019","SEP","","STATE","IOWA","19","","","","","","","00000000","","CORN","CORN, GRAIN - PRICE RECEIVED, MEASURED IN $ / BU","TOTAL","NOT SPECIFIED","3.72",""
"SURVEY","2019","SEP","","STATE","MINNESOTA","27","","","","","","","00000000","","CORN","CORN, GRAIN - PRICE RECEIVED, MEASURED IN $ / BU","TOTAL","NOT SPECIFIED","3.57",""
"SURVEY","2019","SEP","","STATE","WISCONSIN","55","","","","","","","00000000","","CORN","CORN, GRAIN - PRICE RECEIVED, MEASURED IN $ / BU","TOTAL","NOT SPECIFIED","3.69",""
"SURVEY","2018","APR","","STATE","IOWA","19","","","","","","","00000000","","CORN","CORN, GRAIN - PRICE RECEIVED, MEASURED IN $ / BU","TOTAL","NOT SPECIFIED","3.52",""
"SURVEY","2018","APR","","STATE","MINNESOTA","27","","","","","","","00000000","","CORN","CORN, GRAIN - PRICE RECEIVED, MEASURED IN $ / BU","TOTAL","NOT SPECIFIED","3.38",""
"SURVEY","2018","APR","","STATE","WISCONSIN","55","","","","","","","00000000","","CORN","CORN, GRAIN - PRICE RECEIVED, MEASURED IN $ / BU","TOTAL","NOT SPECIFIED","3.52",""
"SURVEY","2018","AUG","","STATE","IOWA","19","","","","","","","00000000","","CORN","CORN, GRAIN - PRICE RECEIVED, MEASURED IN $ / BU","TOTAL","NOT SPECIFIED","3.27",""
"SURVEY","2018","AUG","","STATE","MINNESOTA","27","","","","","","","00000000","","CORN","CORN, GRAIN - PRICE RECEIVED, MEASURED IN $ / BU","TOTAL","NOT SPECIFIED","3.21",""
"SURVEY","2018","AUG","","STATE","WISCONSIN","55","","","","","","","00000000","","CORN","CORN, GRAIN - PRICE RECEIVED, MEASURED IN $ / BU","TOTAL","NOT SPECIFIED","3.35",""
"SURVEY","2018","DEC","","STATE","IOWA","19","","","","","","","00000000","","CORN","CORN, GRAIN - PRICE RECEIVED, MEASURED IN $ / BU","TOTAL","NOT SPECIFIED","3.52",""
"SURVEY","2018","DEC","","STATE","MINNESOTA","27","","","","","","","00000000","","CORN","CORN, GRAIN - PRICE RECEIVED, MEASURED IN $ / BU","TOTAL","NOT SPECIFIED","3.39",""
"SURVEY","2018","DEC","","STATE","WISCONSIN","55","","","","","","","00000000","","CORN","CORN, GRAIN - PRICE RECEIVED, MEASURED IN $ / BU","TOTAL","NOT SPECIFIED","3.38",""
"SURVEY","2018","FEB","","STATE","IOWA","19","","","","","","","00000000","","CORN","CORN, GRAIN - PRICE RECEIVED, MEASURED IN $ / BU","TOTAL","NOT SPECIFIED","3.33",""
"SURVEY","2018","FEB","","STATE","MINNESOTA","27","","","","","","","00000000","","CORN","CORN, GRAIN - PRICE RECEIVED, MEASURED IN $ / BU","TOTAL","NOT SPECIFIED","3.12",""
"SURVEY","2018","FEB","","STATE","WISCONSIN","55","","","","","","","00000000","","CORN","CORN, GRAIN - PRICE RECEIVED, MEASURED IN $ / BU","TOTAL","NOT SPECIFIED","3.34",""
"SURVEY","2018","JAN","","STATE","IOWA","19","","","","","","","00000000","","CORN","CORN, GRAIN - PRICE RECEIVED, MEASURED IN $ / BU","TOTAL","NOT SPECIFIED","3.24",""
"SURVEY","2018","JAN","","STATE","MINNESOTA","27","","","","","","","00000000","","CORN","CORN, GRAIN - PRICE RECEIVED, MEASURED IN $ / BU","TOTAL","NOT SPECIFIED","3.06",""
"SURVEY","2018","JAN","","STATE","WISCONSIN","55","","","","","","","00000000","","CORN","CORN, GRAIN - PRICE RECEIVED, MEASURED IN $ / BU","TOTAL","NOT SPECIFIED","3.16",""
"SURVEY","2018","JUL","","STATE","IOWA","19","","","","","","","00000000","","CORN","CORN, GRAIN - PRICE RECEIVED, MEASURED IN $ / BU","TOTAL","NOT SPECIFIED","3.41",""
"SURVEY","2018","JUL","","STATE","MINNESOTA","27","","","","","","","00000000","","CORN","CORN, GRAIN - PRICE RECEIVED, MEASURED IN $ / BU","TOTAL","NOT SPECIFIED","3.32",""
"SURVEY","2018","JUL","","STATE","WISCONSIN","55","","","","","","","00000000","","CORN","CORN, GRAIN - PRICE RECEIVED, MEASURED IN $ / BU","TOTAL","NOT SPECIFIED","3.43",""
"SURVEY","2018","JUN","","STATE","IOWA","19","","","","","","","00000000","","CORN","CORN, GRAIN - PRICE RECEIVED, MEASURED IN $ / BU","TOTAL","NOT SPECIFIED","3.54",""
"SURVEY","2018","JUN","","STATE","MINNESOTA","27","","","","","","","00000000","","CORN","CORN, GRAIN - PRICE RECEIVED, MEASURED IN $ / BU","TOTAL","NOT SPECIFIED","3.43",""
"SURVEY","2018","JUN","","STATE","WISCONSIN","55","","","","","","","00000000","","CORN","CORN, GRAIN - PRICE RECEIVED, MEASURED IN $ / BU","TOTAL","NOT SPECIFIED","3.57",""
"SURVEY","2018","MAR","","STATE","IOWA","19","","","","","","","00000000","","CORN","CORN, GRAIN - PRICE RECEIVED, MEASURED IN $ / BU","TOTAL","NOT SPECIFIED","3.43",""
"SURVEY","2018","MAR","","STATE","MINNESOTA","27","","","","","","","00000000","","CORN","CORN, GRAIN - PRICE RECEIVED, MEASURED IN $ / BU","TOTAL","NOT SPECIFIED","3.37",""
"SURVEY","2018","MAR","","STATE","WISCONSIN","55","","","","","","","00000000","","CORN","CORN, GRAIN - PRICE RECEIVED, MEASURED IN $ / BU","TOTAL","NOT SPECIFIED","3.46",""
"SURVEY","2018","MAY","","STATE","IOWA","19","","","","","","","00000000","","CORN","CORN, GRAIN - PRICE RECEIVED, MEASURED IN $ / BU","TOTAL","NOT SPECIFIED","3.57",""
"SURVEY","2018","MAY","","STATE","MINNESOTA","27","","","","","","","00000000","","CORN","CORN, GRAIN - PRICE RECEIVED, MEASURED IN $ / BU","TOTAL","NOT SPECIFIED","3.5",""
"SURVEY","2018","MAY","","STATE","WISCONSIN","55","","","","","","","00000000","","CORN","CORN, GRAIN - PRICE RECEIVED, MEASURED IN $ / BU","TOTAL","NOT SPECIFIED","3.64",""
"SURVEY","2018","NOV","","STATE","IOWA","19","","","","","","","00000000","","CORN","CORN, GRAIN - PRICE RECEIVED, MEASURED IN $ / BU","TOTAL","NOT SPECIFIED","3.4",""
"SURVEY","2018","NOV","","STATE","MINNESOTA","27","","","","","","","00000000","","CORN","CORN, GRAIN - PRICE RECEIVED, MEASURED IN $ / BU","TOTAL","NOT SPECIFIED","3.26",""
"SURVEY","2018","NOV","","STATE","WISCONSIN","55","","","","","","","00000000","","CORN","CORN, GRAIN - PRICE RECEIVED, MEASURED IN $ / BU","TOTAL","NOT SPECIFIED","3.36",""
"SURVEY","2018","OCT","","STATE","IOWA","19","","","","","","","00000000","","CORN","CORN, GRAIN - PRICE RECEIVED, MEASURED IN $ / BU","TOTAL","NOT SPECIFIED","3.4",""
"SURVEY","2018","OCT","","STATE","MINNESOTA","27","","","","","","","00000000","","CORN","CORN, GRAIN - PRICE RECEIVED, MEASURED IN $ / BU","TOTAL","NOT SPECIFIED","3.23",""
"SURVEY","2018","OCT","","STATE","WISCONSIN","55","","","","","","","00000000","","CORN","CORN, GRAIN - PRICE RECEIVED, MEASURED IN $ / BU","TOTAL","NOT SPECIFIED","3.38",""
"SURVEY","2018","SEP","","STATE","IOWA","19","","","","","","","00000000","","CORN","CORN, GRAIN - PRICE RECEIVED, MEASURED IN $ / BU","TOTAL","NOT SPECIFIED","3.29",""
"SURVEY","2018","SEP","","STATE","MINNESOTA","27","","","","","","","00000000","","CORN","CORN, GRAIN - PRICE RECEIVED, MEASURED IN $ / BU","TOTAL","NOT SPECIFIED","3.1",""
"SURVEY","2018","SEP","","STATE","WISCONSIN","55","","","","","","","00000000","","CORN","CORN, GRAIN - PRICE RECEIVED, MEASURED IN $ / BU","TOTAL","NOT SPECIFIED","3.29",""
"SURVEY","2017","APR","","STATE","IOWA","19","","","","","","","00000000","","CORN","CORN, GRAIN - PRICE RECEIVED, MEASURED IN $ / BU","TOTAL","NOT SPECIFIED","3.34",""
"SURVEY","2017","APR","","STATE","MINNESOTA","27","","","","","","","00000000","","CORN","CORN, GRAIN - PRICE RECEIVED, MEASURED IN $ / BU","TOTAL","NOT SPECIFIED","3.24",""
"SURVEY","2017","APR","","STATE","WISCONSIN","55","","","","","","","00000000","","CORN","CORN, GRAIN - PRICE RECEIVED, MEASURED IN $ / BU","TOTAL","NOT SPECIFIED","3.39",""
"SURVEY","2017","AUG","","STATE","IOWA","19","","","","","","","00000000","","CORN","CORN, GRAIN - PRICE RECEIVED, MEASURED IN $ / BU","TOTAL","NOT SPECIFIED","3.19",""
"SURVEY","2017","AUG","","STATE","MINNESOTA","27","","","","","","","00000000","","CORN","CORN, GRAIN - PRICE RECEIVED, MEASURED IN $ / BU","TOTAL","NOT SPECIFIED","3.07",""
"SURVEY","2017","AUG","","STATE","WISCONSIN","55","","","","","","","00000000","","CORN","CORN, GRAIN - PRICE RECEIVED, MEASURED IN $ / BU","TOTAL","NOT SPECIFIED","3.32",""
"SURVEY","2017","DEC","","STATE","IOWA","19","","","","","","","00000000","","CORN","CORN, GRAIN - PRICE RECEIVED, MEASURED IN $ / BU","TOTAL","NOT SPECIFIED","3.2",""
"SURVEY","2017","DEC","","STATE","MINNESOTA","27","","","","","","","00000000","","CORN","CORN, GRAIN - PRICE RECEIVED, MEASURED IN $ / BU","TOTAL","NOT SPECIFIED","2.98",""
"SURVEY","2017","DEC","","STATE","WISCONSIN","55","","","","","","","00000000","","CORN","CORN, GRAIN - PRICE RECEIVED, MEASURED IN $ / BU","TOTAL","NOT SPECIFIED","3.13",""
"SURVEY","2017","FEB","","STATE","IOWA","19","","","","","","","00000000","","CORN","CORN, GRAIN - PRICE RECEIVED, MEASURED IN $ / BU","TOTAL","NOT SPECIFIED","3.39",""
"SURVEY","2017","FEB","","STATE","MINNESOTA","27","","","","","","","00000000","","CORN","CORN, GRAIN - PRICE RECEIVED, MEASURED IN $ / BU","TOTAL","NOT SPECIFIED","3.25",""
"SURVEY","2017","FEB","","STATE","WISCONSIN","55","","","","","","","00000000","","CORN","CORN, GRAIN - PRICE RECEIVED, MEASURED IN $ / BU","TOTAL","NOT SPECIFIED","3.36",""
"SURVEY","2017","JAN","","STATE","IOWA","19","","","","","","","00000000","","CORN","CORN, GRAIN - PRICE RECEIVED, MEASURED IN $ / BU","TOTAL","NOT SPECIFIED","3.34",""
"SURVEY","2017","JAN","","STATE","MINNESOTA","27","","","","","","","00000000","","CORN","CORN, GRAIN - PRICE RECEIVED, MEASURED IN $ / BU","TOTAL","NOT SPECIFIED","3.21",""
"SURVEY","2017","JAN","","STATE","WISCONSIN","55","","","","","","","00000000","","CORN","CORN, GRAIN - PRICE RECEIVED, MEASURED IN $ / BU","TOTAL","NOT SPECIFIED","3.27",""
"SURVEY","2017","JUL","","STATE","IOWA","19","","","","","","","00000000","","CORN","CORN, GRAIN - PRICE RECEIVED, MEASURED IN $ / BU","TOTAL","NOT SPECIFIED","3.4",""
"SURVEY","2017","JUL","","STATE","MINNESOTA","27","","","","","","","00000000","","CORN","CORN, GRAIN - PRICE RECEIVED, MEASURED IN $ / BU","TOTAL","NOT SPECIFIED","3.3",""
"SURVEY","2017","JUL","","STATE","WISCONSIN","55","","","","","","","00000000","","CORN","CORN, GRAIN - PRICE RECEIVED, MEASURED IN $ / BU","TOTAL","NOT SPECIFIED","3.45",""
"SURVEY","2017","JUN","","STATE","IOWA","19","","","","","","","00000000","","CORN","CORN, GRAIN - PRICE RECEIVED, MEASURED IN $ / BU","TOTAL","NOT SPECIFIED","3.35",""
"SURVEY","2017","JUN","","STATE","MINNESOTA","27","","","","","","","00000000","","CORN","CORN, GRAIN - PRICE RECEIVED, MEASURED IN $ / BU","TOTAL","NOT SPECIFIED","3.29",""
"SURVEY","2017","JUN","","STATE","WISCONSIN","55","","","","","","","00000000","","CORN","CORN, GRAIN - PRICE RECEIVED, MEASURED IN $ / BU","TOTAL","NOT SPECIFIED","3.42",""
"SURVEY","2017","MAR","","STATE","IOWA","19","","","","","","","00000000","","CORN","CORN, GRAIN - PRICE RECEIVED, MEASURED IN $ / BU","TOTAL","NOT SPECIFIED","3.43",""
"SURVEY","2017","MAR","","STATE","MINNESOTA","27","","","","","","","00000000","","CORN","CORN, GRAIN - PRICE RECEIVED, MEASURED IN $ / BU","TOTAL","NOT SPECIFIED","3.31",""
"SURVEY","2017","MAR","","STATE","WISCONSIN","55","","","","","","","00000000","","CORN","CORN, GRAIN - PRICE RECEIVED, MEASURED IN $ / BU","TOTAL","NOT SPECIFIED","3.42",""
"SURVEY","2017","MAY","","STATE","IOWA","19","","","","","","","00000000","","CORN","CORN, GRAIN - PRICE RECEIVED, MEASURED IN $ / BU","TOTAL","NOT SPECIFIED","3.39",""
"SURVEY","2017","MAY","","STATE","MINNESOTA","27","","","","","","","00000000","","CORN","CORN, GRAIN - PRICE RECEIVED, MEASURED IN $ / BU","TOTAL","NOT SPECIFIED","3.31",""
"SURVEY","2017","MAY","","STATE","WISCONSIN","55","","","","","","","00000000","","CORN","CORN, GRAIN - PRICE RECEIVED, MEASURED IN $ / BU","TOTAL","NOT SPECIFIED","3.35",""
"SURVEY","2017","NOV","","STATE","IOWA","19","","","","","","","00000000","","CORN","CORN, GRAIN - PRICE RECEIVED, MEASURED IN $ / BU","TOTAL","NOT SPECIFIED","3.14",""
"SURVEY","2017","NOV","","STATE","MINNESOTA","27","","","","","","","00000000","","CORN","CORN, GRAIN - PRICE RECEIVED, MEASURED IN $ / BU","TOTAL","NOT SPECIFIED","2.92",""
"SURVEY","2017","NOV","","STATE","WISCONSIN","55","","","","","","","00000000","","CORN","CORN, GRAIN - PRICE RECEIVED, MEASURED IN $ / BU","TOTAL","NOT SPECIFIED","3.12",""
"SURVEY","2017","OCT","","STATE","IOWA","19","","","","","","","00000000","","CORN","CORN, GRAIN - PRICE RECEIVED, MEASURED IN $ / BU","TOTAL","NOT SPECIFIED","3.23",""
"SURVEY","2017","OCT","","STATE","MINNESOTA","27","","","","","","","00000000","","CORN","CORN, GRAIN - PRICE RECEIVED, MEASURED IN $ / BU","TOTAL","NOT SPECIFIED","3.02",""
"SURVEY","2017","OCT","","STATE","WISCONSIN","55","","","","","","","00000000","","CORN","CORN, GRAIN - PRICE RECEIVED, MEASURED IN $ / BU","TOTAL","NOT SPECIFIED","3.26",""
"SURVEY","2017","SEP","","STATE","IOWA","19","","","","","","","00000000","","CORN","CORN, GRAIN - PRICE RECEIVED, MEASURED IN $ / BU","TOTAL","NOT SPECIFIED","3.21",""
"SURVEY","2017","SEP","","STATE","MINNESOTA","27","","","","","","","00000000","","CORN","CORN, GRAIN - PRICE RECEIVED, MEASURED IN $ / BU","TOTAL","NOT SPECIFIED","2.99",""
"SURVEY","2017","SEP","","STATE","WISCONSIN","55","","","","","","","00000000","","CORN","CORN, GRAIN - PRICE RECEIVED, MEASURED IN $ / BU","TOTAL","NOT SPECIFIED","3.25",""
"SURVEY","2016","APR","","STATE","IOWA","19","","","","","","","00000000","","CORN","CORN, GRAIN - PRICE RECEIVED, MEASURED IN $ / BU","TOTAL","NOT SPECIFIED","3.52",""
"SURVEY","2016","APR","","STATE","MINNESOTA","27","","","","","","","00000000","","CORN","CORN, GRAIN - PRICE RECEIVED, MEASURED IN $ / BU","TOTAL","NOT SPECIFIED","3.32",""
"SURVEY","2016","APR","","STATE","WISCONSIN","55","","","","","","","00000000","","CORN","CORN, GRAIN - PRICE RECEIVED, MEASURED IN $ / BU","TOTAL","NOT SPECIFIED","3.49",""
"SURVEY","2016","AUG","","STATE","IOWA","19","","","","","","","00000000","","CORN","CORN, GRAIN - PRICE RECEIVED, MEASURED IN $ / BU","TOTAL","NOT SPECIFIED","3.08",""
"SURVEY","2016","AUG","","STATE","MINNESOTA","27","","","","","","","00000000","","CORN","CORN, GRAIN - PRICE RECEIVED, MEASURED IN $ / BU","TOTAL","NOT SPECIFIED","3.04",""
"SURVEY","2016","AUG","","STATE","WISCONSIN","55","","","","","","","00000000","","CORN","CORN, GRAIN - PRICE RECEIVED, MEASURED IN $ / BU","TOTAL","NOT SPECIFIED","3.12",""
"SURVEY","2016","DEC","","STATE","IOWA","19","","","","","","","00000000","","CORN","CORN, GRAIN - PRICE RECEIVED, MEASURED IN $ / BU","TOTAL","NOT SPECIFIED","3.27",""
"SURVEY","2016","DEC","","STATE","MINNESOTA","27","","","","","","","00000000","","CORN","CORN, GRAIN - PRICE RECEIVED, MEASURED IN $ / BU","TOTAL","NOT SPECIFIED","3.21",""
"SURVEY","2016","DEC","","STATE","WISCONSIN","55","","","","","","","00000000","","CORN","CORN, GRAIN - PRICE RECEIVED, MEASURED IN $ / BU","TOTAL","NOT SPECIFIED","3.15",""
"SURVEY","2016","FEB","","STATE","IOWA","19","","","","","","","00000000","","CORN","CORN, GRAIN - PRICE RECEIVED, MEASURED IN $ / BU","TOTAL","NOT SPECIFIED","3.48",""
"SURVEY","2016","FEB","","STATE","MINNESOTA","27","","","","","","","00000000","","CORN","CORN, GRAIN - PRICE RECEIVED, MEASURED IN $ / BU","TOTAL","NOT SPECIFIED","3.31",""
"SURVEY","2016","FEB","","STATE","WISCONSIN","55","","","","","","","00000000","","CORN","CORN, GRAIN - PRICE RECEIVED, MEASURED IN $ / BU","TOTAL","NOT SPECIFIED","3.44",""
"SURVEY","2016","JAN","","STATE","IOWA","19","","","","","","","00000000","","CORN","CORN, GRAIN - PRICE RECEIVED, MEASURED IN $ / BU","TOTAL","NOT SPECIFIED","3.55",""
"SURVEY","2016","JAN","","STATE","MINNESOTA","27","","","","","","","00000000","","CORN","CORN, GRAIN - PRICE RECEIVED, MEASURED IN $ / BU","TOTAL","NOT SPECIFIED","3.44",""
"SURVEY","2016","JAN","","STATE","WISCONSIN","55","","","","","","","00000000","","CORN","CORN, GRAIN - PRICE RECEIVED, MEASURED IN $ / BU","TOTAL","NOT SPECIFIED","3.51",""
"SURVEY","2016","JUL","","STATE","IOWA","19","","","","","","","00000000","","CORN","CORN, GRAIN - PRICE RECEIVED, MEASURED IN $ / BU","TOTAL","NOT SPECIFIED","3.55",""
"SURVEY","2016","JUL","","STATE","MINNESOTA","27","","","","","","","00000000","","CORN","CORN, GRAIN - PRICE RECEIVED, MEASURED IN $ / BU","TOTAL","NOT SPECIFIED","3.47",""
"SURVEY","2016","JUL","","STATE","WISCONSIN","55","","","","","","","00000000","","CORN","CORN, GRAIN - PRICE RECEIVED, MEASURED IN $ / BU","TOTAL","NOT SPECIFIED","3.52",""
"SURVEY","2016","JUN","","STATE","IOWA","19","","","","","","","00000000","","CORN","CORN, GRAIN - PRICE RECEIVED, MEASURED IN $ / BU","TOTAL","NOT SPECIFIED","3.75",""
"SURVEY","2016","JUN","","STATE","MINNESOTA","27","","","","","","","00000000","","CORN","CORN, GRAIN - PRICE RECEIVED, MEASURED IN $ / BU","TOTAL","NOT SPECIFIED","3.65",""
"SURVEY","2016","JUN","","STATE","WISCONSIN","55","","","","","","","00000000","","CORN","CORN, GRAIN - PRICE RECEIVED, MEASURED IN $ / BU","TOTAL","NOT SPECIFIED","3.75",""
"SURVEY","2016","MAR","","STATE","IOWA","19","","","","","","","00000000","","CORN","CORN, GRAIN - PRICE RECEIVED, MEASURED IN $ / BU","TOTAL","NOT SPECIFIED","3.46",""
"SURVEY","2016","MAR","","STATE","MINNESOTA","27","","","","","","","00000000","","CORN","CORN, GRAIN - PRICE RECEIVED, MEASURED IN $ / BU","TOTAL","NOT SPECIFIED","3.24",""
"SURVEY","2016","MAR","","STATE","WISCONSIN","55","","","","","","","00000000","","CORN","CORN, GRAIN - PRICE RECEIVED, MEASURED IN $ / BU","TOTAL","NOT SPECIFIED","3.43",""
"SURVEY","2016","MAY","","STATE","IOWA","19","","","","","","","00000000","","CORN","CORN, GRAIN - PRICE RECEIVED, MEASURED IN $ / BU","TOTAL","NOT SPECIFIED","3.6",""
"SURVEY","2016","MAY","","STATE","MINNESOTA","27","","","","","","","00000000","","CORN","CORN, GRAIN - PRICE RECEIVED, MEASURED IN $ / BU","TOTAL","NOT SPECIFIED","3.49",""
"SURVEY","2016","MAY","","STATE","WISCONSIN","55","","","","","","","00000000","","CORN","CORN, GRAIN - PRICE RECEIVED, MEASURED IN $ / BU","TOTAL","NOT SPECIFIED","3.57",""
"SURVEY","2016","NOV","","STATE","IOWA","19","","","","","","","00000000","","CORN","CORN, GRAIN - PRICE RECEIVED, MEASURED IN $ / BU","TOTAL","NOT SPECIFIED","3.2",""
"SURVEY","2016","NOV","","STATE","MINNESOTA","27","","","","","","","00000000","","CORN","CORN, GRAIN - PRICE RECEIVED, MEASURED IN $ / BU","TOTAL","NOT SPECIFIED","3.1",""
"SURVEY","2016","NOV","","STATE","WISCONSIN","55","","","","","","","00000000","","CORN","CORN, GRAIN - PRICE RECEIVED, MEASURED IN $ / BU","TOTAL","NOT SPECIFIED","3.16",""
"SURVEY","2016","OCT","","STATE","IOWA","19","","","","","","","00000000","","CORN","CORN, GRAIN - PRICE RECEIVED, MEASURED IN $ / BU","TOTAL","NOT SPECIFIED","3.3",""
"SURVEY","2016","OCT","","STATE","MINNESOTA","27","","","","","","","00000000","","CORN","CORN, GRAIN - PRICE RECEIVED, MEASURED IN $ / BU","TOTAL","NOT SPECIFIED","3.15",""
"SURVEY","2016","OCT","","STATE","WISCONSIN","55","","","","","","","00000000","","CORN","CORN, GRAIN - PRICE RECEIVED, MEASURED IN $ / BU","TOTAL","NOT SPECIFIED","3.23",""
"SURVEY","2016","SEP","","STATE","IOWA","19","","","","","","","00000000","","CORN","CORN, GRAIN - PRICE RECEIVED, MEASURED IN $ / BU","TOTAL","NOT SPECIFIED","3.08",""
"SURVEY","2016","SEP","","STATE","MINNESOTA","27","","","","","","","00000000","","CORN","CORN, GRAIN - PRICE RECEIVED, MEASURED IN $ / BU","TOTAL","NOT SPECIFIED","2.96",""
"SURVEY","2016","SEP","","STATE","WISCONSIN","55","","","","","","","00000000","","CORN","CORN, GRAIN - PRICE RECEIVED, MEASURED IN $ / BU","TOTAL","NOT SPECIFIED","3.13",""
"SURVEY","2015","APR","","STATE","IOWA","19","","","","","","","00000000","","CORN","CORN, GRAIN - PRICE RECEIVED, MEASURED IN $ / BU","TOTAL","NOT SPECIFIED","3.74",""
"SURVEY","2015","APR","","STATE","MINNESOTA","27","","","","","","","00000000","","CORN","CORN, GRAIN - PRICE RECEIVED, MEASURED IN $ / BU","TOTAL","NOT SPECIFIED","3.6",""
"SURVEY","2015","APR","","STATE","WISCONSIN","55","","","","","","","00000000","","CORN","CORN, GRAIN - PRICE RECEIVED, MEASURED IN $ / BU","TOTAL","NOT SPECIFIED","3.73",""
"SURVEY","2015","AUG","","STATE","IOWA","19","","","","","","","00000000","","CORN","CORN, GRAIN - PRICE RECEIVED, MEASURED IN $ / BU","TOTAL","NOT SPECIFIED","3.67",""
"SURVEY","2015","AUG","","STATE","MINNESOTA","27","","","","","","","00000000","","CORN","CORN, GRAIN - PRICE RECEIVED, MEASURED IN $ / BU","TOTAL","NOT SPECIFIED","3.46",""
"SURVEY","2015","AUG","","STATE","WISCONSIN","55","","","","","","","00000000","","CORN","CORN, GRAIN - PRICE RECEIVED, MEASURED IN $ / BU","TOTAL","NOT SPECIFIED","3.67",""
"SURVEY","2015","DEC","","STATE","IOWA","19","","","","","","","00000000","","CORN","CORN, GRAIN - PRICE RECEIVED, MEASURED IN $ / BU","TOTAL","NOT SPECIFIED","3.53",""
"SURVEY","2015","DEC","","STATE","MINNESOTA","27","","","","","","","00000000","","CORN","CORN, GRAIN - PRICE RECEIVED, MEASURED IN $ / BU","TOTAL","NOT SPECIFIED","3.43",""
"SURVEY","2015","DEC","","STATE","WISCONSIN","55","","","","","","","00000000","","CORN","CORN, GRAIN - PRICE RECEIVED, MEASURED IN $ / BU","TOTAL","NOT SPECIFIED","3.41",""
"SURVEY","2015","FEB","","STATE","IOWA","19","","","","","","","00000000","","CORN","CORN, GRAIN - PRICE RECEIVED, MEASURED IN $ / BU","TOTAL","NOT SPECIFIED","3.8",""
"SURVEY","2015","FEB","","STATE","MINNESOTA","27","","","","","","","00000000","","CORN","CORN, GRAIN - PRICE RECEIVED, MEASURED IN $ / BU","TOTAL","NOT SPECIFIED","3.63",""
"SURVEY","2015","FEB","","STATE","WISCONSIN","55","","","","","","","00000000","","CORN","CORN, GRAIN - PRICE RECEIVED, MEASURED IN $ / BU","TOTAL","NOT SPECIFIED","3.75",""
"SURVEY","2015","JAN","","STATE","IOWA","19","","","","","","","00000000","","CORN","CORN, GRAIN - PRICE RECEIVED, MEASURED IN $ / BU","TOTAL","NOT SPECIFIED","3.86",""
"SURVEY","2015","JAN","","STATE","MINNESOTA","27","","","","","","","00000000","","CORN","CORN, GRAIN - PRICE RECEIVED, MEASURED IN $ / BU","TOTAL","NOT SPECIFIED","3.71",""
"SURVEY","2015","JAN","","STATE","WISCONSIN","55","","","","","","","00000000","","CORN","CORN, GRAIN - PRICE RECEIVED, MEASURED IN $ / BU","TOTAL","NOT SPECIFIED","3.74",""
"SURVEY","2015","JUL","","STATE","IOWA","19","","","","","","","00000000","","CORN","CORN, GRAIN - PRICE RECEIVED, MEASURED IN $ / BU","TOTAL","NOT SPECIFIED","3.78",""
"SURVEY","2015","JUL","","STATE","MINNESOTA","27","","","","","","","00000000","","CORN","CORN, GRAIN - PRICE RECEIVED, MEASURED IN $ / BU","TOTAL","NOT SPECIFIED","3.65",""
"SURVEY","2015","JUL","","STATE","WISCONSIN","55","","","","","","","00000000","","CORN","CORN, GRAIN - PRICE RECEIVED, MEASURED IN $ / BU","TOTAL","NOT SPECIFIED","3.78",""
"SURVEY","2015","JUN","","STATE","IOWA","19","","","","","","","00000000","","CORN","CORN, GRAIN - PRICE RECEIVED, MEASURED IN $ / BU","TOTAL","NOT SPECIFIED","3.58",""
"SURVEY","2015","JUN","","STATE","MINNESOTA","27","","","","","","","00000000","","CORN","CORN, GRAIN - PRICE RECEIVED, MEASURED IN $ / BU","TOTAL","NOT SPECIFIED","3.46",""
"SURVEY","2015","JUN","","STATE","WISCONSIN","55","","","","","","","00000000","","CORN","CORN, GRAIN - PRICE RECEIVED, MEASURED IN $ / BU","TOTAL","NOT SPECIFIED","3.48",""
"SURVEY","2015","MAR","","STATE","IOWA","19","","","","","","","00000000","","CORN","CORN, GRAIN - PRICE RECEIVED, MEASURED IN $ / BU","TOTAL","NOT SPECIFIED","3.83",""
"SURVEY","2015","MAR","","STATE","MINNESOTA","27","","","","","","","00000000","","CORN","CORN, GRAIN - PRICE RECEIVED, MEASURED IN $ / BU","TOTAL","NOT SPECIFIED","3.66",""
"SURVEY","2015","MAR","","STATE","WISCONSIN","55","","","","","","","00000000","","CORN","CORN, GRAIN - PRICE RECEIVED, MEASURED IN $ / BU","TOTAL","NOT SPECIFIED","3.72",""
"SURVEY","2015","MAY","","STATE","IOWA","19","","","","","","","00000000","","CORN","CORN, GRAIN - PRICE RECEIVED, MEASURED IN $ / BU","TOTAL","NOT SPECIFIED","3.61",""
"SURVEY","2015","MAY","","STATE","MINNESOTA","27","","","","","","","00000000","","CORN","CORN, GRAIN - PRICE RECEIVED, MEASURED IN $ / BU","TOTAL","NOT SPECIFIED","3.56",""
"SURVEY","2015","MAY","","STATE","WISCONSIN","55","","","","","","","00000000","","CORN","CORN, GRAIN - PRICE RECEIVED, MEASURED IN $ / BU","TOTAL","NOT SPECIFIED","3.48",""
"SURVEY","2015","NOV","","STATE","IOWA","19","","","","","","","00000000","","CORN","CORN, GRAIN - PRICE RECEIVED, MEASURED IN $ / BU","TOTAL","NOT SPECIFIED","3.53",""
"SURVEY","2015","NOV","","STATE","MINNESOTA","27","","","","","","","00000000","","CORN","CORN, GRAIN - PRICE RECEIVED, MEASURED IN $ / BU","TOTAL","NOT SPECIFIED","3.42",""
"SURVEY","2015","NOV","","STATE","WISCONSIN","55","","","","","","","00000000","","CORN","CORN, GRAIN - PRICE RECEIVED, MEASURED IN $ / BU","TOTAL","NOT SPECIFIED","3.42",""
"SURVEY","2015","OCT","","STATE","IOWA","19","","","","","","","00000000","","CORN","CORN, GRAIN - PRICE RECEIVED, MEASURED IN $ / BU","TOTAL","NOT SPECIFIED","3.58",""
"SURVEY","2015","OCT","","STATE","MINNESOTA","27","","","","","","","00000000","","CORN","CORN, GRAIN - PRICE RECEIVED, MEASURED IN $ / BU","TOTAL","NOT SPECIFIED","3.49",""
"SURVEY","2015","OCT","","STATE","WISCONSIN","55","","","","","","","00000000","","CORN","CORN, GRAIN - PRICE RECEIVED, MEASURED IN $ / BU","TOTAL","NOT SPECIFIED","3.57",""
"SURVEY","2015","SEP","","STATE","IOWA","19","","","","","","","00000000","","CORN","CORN, GRAIN - PRICE RECEIVED, MEASURED IN $ / BU","TOTAL","NOT SPECIFIED","3.57",""
"SURVEY","2015","SEP","","STATE","MINNESOTA","27","","","","","","","00000000","","CORN","CORN, GRAIN - PRICE RECEIVED, MEASURED IN $ / BU","TOTAL","NOT SPECIFIED","3.42",""
"SURVEY","2015","SEP","","STATE","WISCONSIN","55","","","","","","","00000000","","CORN","CORN, GRAIN - PRICE RECEIVED, MEASURED IN $ / BU","TOTAL","NOT SPECIFIED","3.58",""
